-- phpMyAdmin SQL Dump
-- version 4.0.10deb1
-- http://www.phpmyadmin.net
--
-- Host: localhost
-- Generation Time: Jun 24, 2016 at 09:07 AM
-- Server version: 5.5.47-0ubuntu0.14.04.1
-- PHP Version: 5.5.9-1ubuntu4.14

SET SQL_MODE = "NO_AUTO_VALUE_ON_ZERO";
SET time_zone = "+00:00";


/*!40101 SET @OLD_CHARACTER_SET_CLIENT=@@CHARACTER_SET_CLIENT */;
/*!40101 SET @OLD_CHARACTER_SET_RESULTS=@@CHARACTER_SET_RESULTS */;
/*!40101 SET @OLD_COLLATION_CONNECTION=@@COLLATION_CONNECTION */;
/*!40101 SET NAMES utf8 */;

--
-- Database: `sianis`
--

-- --------------------------------------------------------

INSERT INTO `tema` (`namacss`) VALUES
('amelia.bootstrap.min.css'),
('cerulean.bootstrap.min.css'),
('cosmo.bootstrap.min.css'),
('cyborg.bootstrap.min.css'),
('darkly.bootstrap.min.css'),
('flatly.bootstrap.min.css'),
('journal.bootstrap.min.css'),
('lumen.bootstrap.min.css'),
('readable.bootstrap.min.css'),
('simplex.bootstrap.min.css'),
('slate.bootstrap.min.css'),
('spacelab.bootstrap.min.css'),
('superhero.bootstrap.min.css'),
('united.bootstrap.min.css'),
('yeti.bootstrap.min.css');

INSERT INTO `m_hobi` (`nama`) VALUES
('olahraga'),
('kesenian'),
('membaca'),
('menulis'),
('travelling'),
('lainnya');

INSERT INTO `m_cita` (`kode`, `nama_cita`) VALUES
('A', 'PNS'),
('B', 'TNI / POLRI'),
('C', 'Guru / Dosen'),
('D', 'Dokter'),
('E', 'Politikus'),
('F', 'Wiraswasta'),
('G', 'Seni / Lukis / Artis / Sejenis'),
('H', 'Lainnya');

INSERT INTO `m_sekolah` (`id`, `jenjang`, `kode`) VALUES
(1, 'Tidak lulus SD / MI / Paket A', 'A'),
(2, 'SD / MI / Paket A', 'B'),
(3, 'SMP / MTs. / Paket B', 'C'),
(4, 'SMA / MA / Paket C', 'D'),
(5, 'Diploma I / II', 'E'),
(6, 'Diploma III / IV / Sarjana Muda', 'F'),
(7, 'Strata 1 (Sarjana)', 'G'),
(8, 'Strata 2 ( Magister)', 'H'),
(9, 'Strata 3 (Doktoral)', 'I'),
(10, 'Lainnya', 'J');

INSERT INTO `m_duit` (`id`, `kode`, `besar`) VALUES
(1, 'A', '0 - 500.000'),
(2, 'B', '500.000 - 1.000.000'),
(3, 'C', '1.000.000 - 1.500.000'),
(4, 'D', '1.500.000 - 2.000.000'),
(5, 'E', '2.000.000 - 2.500.000'),
(6, 'F', '2.500.000 - 3.000.000'),
(7, 'G', '3.000.000 - 3.500.000'),
(8, 'H', '3.500.000 - 4.000.000'),
(9, 'I', '4.000.000 - 4.500.000'),
(10, 'J', '4.500.000 -');

INSERT INTO `m_pekerjaan` (`id`, `nama_pekerjaan`, `kode_pekerjaan`) VALUES
(1, 'PNS  selain guru, dosen, dokter', 'A'),
(2, 'TNI / POLRI', 'B'),
(3, 'Guru, dosen', 'C'),
(4, 'Dokter', 'D'),
(5, 'Politikus', 'E'),
(6, 'Pegawai swasta', 'F'),
(7, 'Pedagang, wiraswasta', 'G'),
(8, 'petani / peternak', 'H'),
(9, 'Seniman / Lukis / Artis / Sejenis', 'I'),
(10, 'Buruh', 'J'),
(11, '-', 'K'),
(12, 'Lainnya', 'L');

INSERT INTO `m_jarak` (`jarak`) VALUES
('0 - 1 km'),
('1 - 3 km'),
('3 - 5 km'),
('5 - 10 km'),
('lebih dari 10 km');

INSERT INTO `m_predikat` (`id_predikat`, `penilaian`, `batas`, `konversi`, `predikat`, `keterangan`, `keterangan2`, `positif`) VALUES
(1, 'K', 50, 1.00, 'D', 'belum memahami', 'tidak terampil', 0),
(2, 'K', 54, 1.33, 'D+', 'belum memahami', 'tidak terampil', 0),
(3, 'K', 55, 1.66, 'C-', 'belum memahami', 'tidak terampil', 0),
(4, 'K', 60, 2.00, 'C', 'belum memahami', 'kurang terampil', 0),
(5, 'K', 65, 2.33, 'C+', 'belum memahami', 'kurang terampil', 0),
(6, 'K', 70, 2.66, 'B-', 'menguasai', 'terampil', 1),
(7, 'K', 75, 3.00, 'B', 'sudah memahami', 'terampil', 1),
(8, 'K', 80, 3.33, 'B+', 'sudah memahami', 'terampil', 1),
(9, 'K', 85, 3.66, 'A-', 'sudah menguasai', 'sangat terampil', 1),
(10, 'K', 91, 4.00, 'A', 'sangat menguasai', 'sangat terampil', 1);

insert into `tbllogin` (`username`,`psw`,`nama`,`status`,`idlink`,`aktif`) values ('admin','$2y$08$x5eRlV9EILWE7EoZz5stTOSKyfi3.C1qGONDp/YsaWa0G8Q9g5V12','Administrator','admin','admin','Y');
update `tbllogin` set `psw` = '$2y$08$SAcCUdl2DWPvKOlDLG5K.eQnzOR.YTnRh1WPk5v2ffMikJoiWUCuu' WHERE `username` = 'admin' ;
-- phpMyAdmin SQL Dump
-- version 4.5.4.1deb2ubuntu2
-- http://www.phpmyadmin.net
--
-- Host: localhost
-- Generation Time: Mar 08, 2017 at 07:21 AM
-- Server version: 5.7.17-0ubuntu0.16.04.1
-- PHP Version: 7.0.13-0ubuntu0.16.04.1

SET SQL_MODE = "NO_AUTO_VALUE_ON_ZERO";
SET time_zone = "+00:00";

--
-- Database: `mante392_akademik`
--

--
-- Dumping data for table `pkg_m_indikator`
--

INSERT INTO `pkg_m_indikator` (`id_pkg_m_indikator`, `id_pkg_m_kompetensi`, `nourut`, `indikator`, `satu`, `dua`) VALUES
(1, 1, '01', 'Guru dapat mengidentifikasi karakteristik belajarsetiap peserta didik di kelasnya.', 1, 3),
(2, 1, '02', 'Guru memastikan bahwa semua peserta didik mendapatkan kesempatan yang sama untukberpartisipasi aktif dalam kegiatan pembelajaran.', 2, 4),
(3, 1, '03', 'Guru dapat mengatur kelas untuk memberikankesempatan belajar yang sama pada semuapeserta didik dengan kelainan fisik dan kemampuan belajar yang berbeda.', 1, 3),
(4, 1, '04', 'Guru mencoba mengetahui penyebab penyimpangan perilaku peserta didik untukmencegah agar perilaku tersebut tidak merugikanpeserta didik lainnya.', 1, 3),
(5, 1, '05', 'Guru membantu mengembangkan potensi dan mengatasi kekurangan peserta didik', 1, 3),
(6, 1, '06', 'Guru memperhatikan peserta didik dengan kelemahan fisik tertentu agar dapat mengikutiaktivitas pembelajaran, sehingga peserta didik tersebut tidak termarginalkan (tersisih, diolok-olok, minder, dsb.).', 1, 2),
(7, 2, '01', 'Guru memberi kesempatan kepada peserta didik untuk menguasai materi pembelajaran sesuai usia dan kemampuan belajarnya melalui pengaturan proses pembelajaran dan aktivitas yang bervariasi', 2, 4),
(8, 2, '02', 'Guru selalu memastikan tingkat pemahaman peserta didik terhadap materi pembelajaran tertentu dan menyesuaikan aktivitas pembelajaran berikutnya berdasarkan tingkat pemahaman tersebut.', 1, 3),
(9, 2, '03', 'Guru dapat menjelaskan alasan pelaksanaan kegiatan/aktivitas yang dilakukannya, baik yang sesuai maupun yang berbeda dengan rencana, terkait keberhasilan pembelajaran', 1, 3),
(10, 2, '04', 'Guru menggunakan berbagai teknik untuk memotivasi kemauan belajar peserta didik.', 1, 3),
(11, 2, '05', 'Guru merencanakan kegiatan pembelajaran yang saling terkait satu sama lain, dengan memperhatikan tujuan pembelajaran maupun proses belajar peserta didik.', 1, 3),
(12, 2, '06', 'Guru memperhatikan respon peserta didik yang belum/kurang memahami materi pembelajaran yang diajarkan dan menggunakannya untuk memperbaiki rancangan pembelajaran berikutnya.', 1, 3),
(13, 3, '01', 'Guru dapat menyusun silabus yang sesuai dengan kurikulum', 3, 4),
(14, 3, '02', 'Guru merancang rencana pembelajaran yang sesuai dengan silabus untuk membahas materi ajar tertentu agar peserta didik dapat mencapai kompetensi dasar yang ditetapkan.', 1, 3),
(15, 3, '03', 'Guru mengikuti urutan materi pembelajaran dengan memperhatikan tujuan pembelajaran.', 1, 3),
(16, 3, '04', 'Guru memilih materi pembelajaran yang: a) sesuai dengan tujuan pembelajaran, b) tepat dan mutakhir, c) sesuai dengan usia dan tingkat kemampuan belajar peserta didik, dan d) dapat dilaksanakan di kelas e) sesuai dengan konteks kehidupan sehari-hari peserta didik.', 3, 5),
(17, 4, '01', 'Guru melaksanakan aktivitas pembelajaran sesuai dengan rancangan yang telah disusun secara lengkap dan pelaksanaan aktivitas tersebut mengindikasikan bahwa guru mengerti tentang tujuannya', 1, 4),
(18, 4, '02', 'Guru melaksanakan aktivitas pembelajaran yang bertujuan untuk membantu proses belajar peserta didik, bukan untuk menguji sehingga membuat peserta didik merasa tertekan.', 1, 3),
(19, 4, '03', 'Guru mengkomunikasikan informasi baru (misalnya materi tambahan) sesuai dengan usia dan tingkat kemampuan belajar peserta didik.', 1, 4),
(20, 4, '04', 'Guru menyikapi kesalahan yang dilakukan peserta didik sebagai tahapan proses pembelajaran, bukan semata-mata kesalahan yang harus dikoreksi. Misalnya: dengan mengetahui terlebih dahulu peserta didik lain yang setuju atau tidak setuju dengan jawaban tersebut, sebelum memberikan penjelasan tentang jawaban yang benar. ', 1, 4),
(21, 4, '05', 'Guru melaksanakan kegiatan pembelajaran sesuai isi kurikulum dan mengkaitkannya dengan konteks kehidupan sehari-hari peserta didik', 1, 4),
(22, 4, '06', 'Guru melakukan aktivitas pembelajaran secara bervariasi dengan waktu yang cukup untuk kegiatan pembelajaran yang sesuai dengan usia dan tingkat kemampuan belajar dan mempertahankan perhatian peserta didik.', 1, 4),
(23, 4, '07', 'Guru mengelola kelas dengan efektif tanpa mendominasi atau sibuk dengan kegiatannya sendiri agar semua waktu peserta dapat termanfaatkan secara produktif.', 1, 4),
(24, 4, '08', 'Guru mampu menyesuaikan aktivitas pembelajaran yang dirancang dengan kondisi kelas.', 1, 3),
(25, 4, '09', 'Guru memberikan banyak kesempatan kepada peserta didik untuk bertanya, memprakterkkan dan berinteraksi dengan peserta didik lain.', 1, 3),
(26, 4, '10', 'Guru mengatur pelaksanaan aktivitas pembelajaran secara sistematis untuk membantu proses belajar peserta didik. Sebagai contoh: guru menambah informasi baru setelah mengevaluasi pemahaman peserta didik terhadap materi ', 1, 3),
(27, 4, '11', 'Guru menggunakan alat bantu mengajar, dan/atau audio-visual (termasuk TIK) untuk meningkatkan motivasi belajar peserta didik dalam mencapai tujuan pembelajaran.', 1, 3),
(28, 5, '01', 'Guru menganalisis hasil belajar berdasarkan segala bentuk penilaian terhadap setiap peserta didik untuk mengetahui tingkat kemajuan masing-masing', 1, 3),
(29, 5, '02', 'Guru merancang dan melaksanakan aktivitas pembelajaran yang mendorong peserta didik untuk belajar sesuai dengan kecakapan dan pola belajar masing-masing', 1, 3),
(30, 5, '03', 'Guru merancang dan melaksanakan aktivitas pembelajaran untuk memunculkan daya kreativitas dankemampuan berfikir kritis peserta didik', 2, 5),
(31, 5, '04', 'Guru secara aktif membantu peserta didik dalam proses pembelajaran dengan memberikan perhatian kepada setiap individu.', 1, 2),
(32, 5, '05', 'Guru dapat mengidentifikasi dengan benar tentang bakat, minat, potensi, dan kesulitan belajar masing-masing peserta didik.', 1, 2),
(33, 5, '06', 'Guru memberikan kesempatan belajar kepada peserta didik sesuai dengan cara belajarnya masing-masing', 1, 2),
(34, 5, '07', 'Guru memusatkan perhatian pada interaksi dengan peserta didik dan mendorongnya untuk memahami dan menggunakan informasi yang disampaikan.', 1, 2),
(35, 6, '01', 'Guru menggunakan pertanyaan untuk mengetahui pemahaman dan menjaga partisipasi peserta didik, termasuk memberikan pertanyaan terbuka yang menuntut peserta didik untuk menjawab dengan ide dan pengetahuan mereka.', 1, 2),
(36, 6, '02', 'Guru memberikan perhatian dan mendengarkan semua pertanyaan dan tanggapan peserta didik, tanpa menginterupsi, kecuali jika diperlukan untuk membantu atau mengklarifikasi pertanyaan/tanggapan tersebut.', 1, 2),
(37, 6, '03', 'Guru menanggapi pertanyaan peserta didik secara tepat, benar, dan mutakhir, sesuai tujuan pembelajaran dan isi kurikulum, tanpa mempermalukannya.', 1, 2),
(38, 6, '04', 'Guru menyajikan kegiatan pembelajaran yang dapat menumbuhkan kerja sama yang baik antarpeserta didik.', 2, 3),
(39, 6, '05', 'Guru mendengarkan dan memberikan perhatian terhadap semua jawaban peserta didik baik yang benar maupun yang dianggap salah untuk mengukur tingkat pemahaman peserta didik', 1, 3),
(40, 6, '06', 'Guru memberikan perhatian terhadap pertanyaan peserta didik dan meresponnya secara lengkap dan relevan untuk menghilangkan kebingungan pada peserta didik.', 1, 3),
(41, 7, '01', 'Guru menyusun alat penilaian yang sesuai dengan tujuan pembelajaran untuk mencapai kompetensi tertentu seperti yang tertulis dalam RPP', 2, 4),
(42, 7, '02', 'Guru melaksanakan penilaian dengan berbagai teknik dan jenis penilaian, selain penilaian formal yang dilaksanakan sekolah, dan mengumumkan hasil serta implikasinya kepada peserta didik, tentang tingkat pemahaman terhadap materi pembelajaran yang telah dan akan dipelajari.', 1, 4),
(43, 7, '03', 'Guru menganalisis hasil penilaian untuk mengidentifikasi topik/kompetensi dasar yang sulit sehingga diketahui kekuatan dan kelemahan masing-masing peserta didik untuk keperluan remedial dan pengayaan.', 1, 2),
(44, 7, '04', 'Guru memanfaatkan masukan dari peserta didik dan merefleksikannya untuk meningkatkan pembelajaran selanjutnya, dan dapat membuktikannya melalui catatan, jurnal pembelajaran, rancangan pembelajaran, materi tambahan, dan sebagainya.', 1, 2),
(45, 7, '05', 'Guru memanfaatkan hasil penilaian sebagai bahan penyusunan rancangan pembelajaran yang akan dilakukan selanjutnya.', 1, 2),
(46, 8, '01', 'Guru menghargai dan mempromosikan prinsip-prinsip Pancasila sebagai dasar ideologi dan etika bagi semua warga Indonesia.', 1, 5),
(47, 8, '02', 'Guru mengembangkan kerjasama dan membina kebersamaan dengan teman sejawat tanpa memperhatikan perbedaan yang ada (misalnya: suku, agama, dan gender).', 1, 3),
(48, 8, '03', 'Guru saling menghormati dan menghargai teman sejawat sesuai dengan kondisi dan keberadaan masing-masing.', 1, 4),
(49, 8, '04', 'Guru memiliki rasa persatuan dan kesatuan sebagai bangsa Indonesia', 2, 3),
(50, 8, '05', 'Guru mempunyai pandangan yang luas tentang keberagaman bangsa Indonesia (misalnya: budaya, suku agama)', 1, 4),
(51, 9, '01', 'Guru bertingkah laku sopan dalam berbicara, berpenampilan, dan berbuat terhadap semua peserta didik, orang tua, dan teman sejawat.', 1, 3),
(52, 9, '02', 'Guru mau membagi pengalamannya dengan teman sejawat, termasuk mengundang mereka untuk mengobservasi cara mengajarnya dan memberikan masukan.', 1, 3),
(53, 9, '03', 'Guru mampu mengelola pembelajaran yang membuktikan bahwa guru dihormati oleh peserta didik, sehingga semua peserta didik selalu memperhatikan guru dan berpartisipasi aktif dalam proses pembelajaran.', 1, 3),
(54, 9, '04', 'Guru bersikap dewasa dalam menerima masukan dari peserta didik dan memberikan kesempatan kepada peserta didik untuk berpartisipasi dalam proses pembelajaran. ', 2, 3),
(55, 9, '05', 'Guru berperilaku baik untuk mencitrakan nama baik sekolah', 1, 3),
(56, 10, '01', 'Guru mengawali dan mengakhiri pembelajaran dengan tepat waktu.', 1, 3),
(57, 10, '02', 'Jika guru harus meninggalkan kelas, guru mengaktifkan siswa dengan melakukan hal-hal produktif terkait dengan mata pelajaran, dan meminta guru piket atau guru lain untuk mengawasi kelas.', 1, 3),
(58, 10, '03', 'Guru memenuhi jam mengajar dan dapat melakukan semua kegiatan lain di luar jam mengajar berdasarkan izin dan persetujuan pengelola sekolah', 1, 3),
(59, 10, '04', 'Guru meminja izin dan memberitahu lebih awal, dengan memberikan alasan dan bukti yag sah jika tidak menghadiri kegiatan yang telah direncanakan, termasuk proses pembelajaran di kelas.', 1, 3),
(60, 10, '05', 'Guru menyelesaikan semua tugas administratif dan non pembelajaran dengan tepat waktu sesuai standar yang ditetapkan.', 1, 3),
(61, 10, '06', 'Guru memanfaatkan waktu luang selain mengajar untuk kegiatan produktif terkait dengan tugasnya', 1, 3),
(62, 10, '07', 'Guru memberikan kontribusi terhadap pengembangan sekolah dan mempunyai prestasi yang berdampak positif terhadap nama baik sekolah.', 1, 3),
(63, 10, '08', 'Guru merasa bangga dengan profesinya sebagai guru.', 1, 3),
(64, 11, '01', 'Guru memperlakukan semua peserta didik secara adil, memberikan bantuan dan perhatian sesuai kebutuhan masing-masing, tanpa memperdulikan faktor personal', 1, 3),
(65, 11, '02', 'Guru menjaga hubungan baik dan peduli dengan teman sejawat (bersifat inklusif), serta berkontribusi positif terhadap semua diskusi formal dan informal terkait dengan pekerjaannya.', 1, 3),
(66, 11, '03', 'Guru sering berinteraksi dengan peserta didik dan tidak membatasi perhatiannya hanya pada kelompok tertentu (misalnya: peserta didik yang pandai, kaya, berasal dari daerah yang sama dengan guru)', 1, 2),
(67, 12, '01', 'Guru menyampaikan informasi tentang kemajuan, kesulitan, dan potensi peserta didik kepada orang tuanya, baik dalam pertemuan formal maupun tidak formal antara guru dengan orang tua, teman sejawat, dan dapat menunjukkan buktinya.', 1, 3),
(68, 12, '02', 'Guru ikut berperan aktif dalam kegiatan di luar pembelajaran yang diselenggarakan oleh sekolah dan masyarakat dan dapat memberikan bukti keikutsertaannya. ', 1, 3),
(69, 12, '03', 'Guru memperhatikan sekolah sebagai bagian dari masyarakat, berkomunikasi dengan masyarakat sekitar, serta berperan dalam kegiatan sosial di masyarakat.', 1, 3),
(70, 13, '01', 'Guru melakukan pemetaan standar kompetensi dan kompetensi dasar untuk mata pelajaran yang diampunya, untuk mengidentifikasi materi pembelajaran yang dianggap sulit, melakukan perencanaan dan pelaksanaan pembelajaran, dan memperkirakan alokasi waktu yang diperlukan.', 1, 3),
(71, 13, '02', 'Guru menyertakan informasi yang tepat dan mutakhir dalam perencanaan dan pelaksanaan pembelajaran.', 1, 3),
(72, 13, '03', 'Guru menyusun materi, perencanaan dan pelaksanaan pembelajaran yang berisi informasi yang tepat, mutakhir, dan yang membantu peserta didik untuk memahami konsep materi pembelajaran', 1, 3),
(73, 14, '01', 'Guru melakukan evaluasi diri secara spesifik, lengkap, dan didukung contoh pengalaman diri sendiri.', 2, 5),
(74, 14, '02', 'Guru memiliki jurnal pembelajaran, catatan masukan dari kolega atau hasil penilaian proses pembelajaran sebagai bukti yang menggambarkan kinerjanya.', 2, 4),
(75, 14, '03', 'Guru memanfaatkan gambaran bukti kinerjanya untuk mengembangan perencanaan dan pelaksanaan pembelajaran selanjutnya dalam program Pengembangan Keprofesian Berkelanjutan (PKB)', 2, 4),
(76, 14, '04', 'Guru dapat mengaplikasikan pengalaman PKB dalam perencanaan, pelaksanaan, penilaian pembelajaran dan tindak lanjutnya.', 2, 4),
(77, 14, '05', 'Guru melakukan penelitian, mengembangkan karya inovasi, mengikuti kegiatan ilmiah (misalnya, seminar, konferensi), dan aktif dalam melaksanakan PKB', 2, 4),
(78, 14, '06', 'Guru dapat memanfaatkan TIK dalam berkomunikasi dan pelaksanaan PKB', 2, 4),
(79, 15, '01', 'Berperilaku arif dalam bertindak dan memecahkan masalah', 0, 0),
(80, 15, '02', 'Berperilaku jujur atas semua informasi kedinasan', 0, 0),
(81, 15, '03', 'Menunjukkan kemandirian dalam bekerja di bidangnya', 0, 0),
(82, 15, '04', 'Menunjukkan rasa percaya diri atas keputusan yang diambil', 0, 0),
(83, 15, '05', 'Berupaya meningkatkan kemampuan diri di bidangnya', 0, 0),
(84, 15, '06', 'Bertindak secara konsisten sesuai dengan norma agama, hukum, sosial, dan budaya nasional Indonesia', 0, 0),
(85, 15, '07', 'Berperilaku disiplin atas waktu dan aturan', 0, 0),
(86, 15, '08', 'Bertanggung jawab terhadap tugas ', 0, 0),
(87, 15, '09', 'Tekun, teliti, dan hati-hati dalam melaksanakan tugas ', 0, 0),
(88, 15, '10', 'Kreatif dalam memecahkan masalah yang berkaitan dengan tugas profesinya', 0, 0),
(89, 15, '11', 'Berorientasi pada kualitas dan kepuasan layanan pemakai laboratorium/bengkel', 0, 0),
(90, 16, '01', 'Menyadari kekuatan dan kelemahan baik diri maupun stafnya', 0, 0),
(91, 16, '02', 'Memiliki wawasan tentang pihak lain yang dapat diajak kerjasama', 0, 0),
(92, 16, '03', 'Bekerjasama dengan berbagai pihak secara efektif', 0, 0),
(93, 16, '04', 'Berkomunikasi dengan berbagai pihak secara santun, empatik, dan efektif', 0, 0),
(94, 16, '05', 'Memanfaatkan berbagai peralatan Teknologi Informasi dan komunikasi (TIK) untuk berkomunikasi', 0, 0),
(95, 17, '01', 'Mengkoordinasikan kegiatan praktikum dengan guru', 0, 0),
(96, 17, '02', 'Merumuskan rincian tugas teknisi dan laboran', 0, 0),
(97, 17, '03', 'Menentukan jadwal kerja teknisi dan laboran ', 0, 0),
(98, 17, '04', 'Mensupervisi teknisi dan laboran', 0, 0),
(99, 17, '05', 'Menilai hasil kerja teknisi dan laboran', 0, 0),
(100, 17, '06', 'Menilai kinerja teknisi dan laboran laboratorium/bengkel', 0, 0),
(101, 18, '01', 'Menyusun program pengelolaan laboratorium/bengkel', 0, 0),
(102, 18, '02', 'Menyusun jadwal kegiatan laboratorium/bengkel', 0, 0),
(103, 18, '03', 'Menyusun rencana pengembangan laboratorium/bengkel', 0, 0),
(104, 18, '04', 'Menyusun prosedur operasi standar (POS) kerja laboratorium/bengkel', 0, 0),
(105, 18, '05', 'Mengembangkan sistem administrasi laboratorium/bengkel', 0, 0),
(106, 18, '06', 'Menyusun jadwal kegiatan laboratorium/bengkel', 0, 0),
(107, 18, '07', 'Menyusun laporan kegiatan laboratorium/bengkel', 0, 0),
(108, 19, '01', 'Memantau kondisi dan keamanan bahan serta alat laboratorium/bengkel', 0, 0),
(109, 19, '02', 'Memantau kondisi dan keamanan bangunan laboratorium/bengkel', 0, 0),
(110, 19, '03', 'Memantau pelaksanaan kegiatan laboratorium/bengkel', 0, 0),
(111, 19, '04', 'Membuat laporan bulanan dan tahunan tentang kondisi dan pemanfaatan laboratorium/bengkel', 0, 0),
(112, 19, '05', 'Membuat laporan secara periodik ', 0, 0),
(113, 19, '06', 'Mengevaluasi program laboratorium/bengkel untuk perbaikan selanjutnya', 0, 0),
(114, 19, '07', 'Menilai kegiatan laboratorium/bengkel', 0, 0),
(115, 20, '01', 'Mengikuti perkembangan pemikiran tentang pemanfaatan kegiatan laboratorium/bengkel sebagai wahana pendidikan', 0, 0),
(116, 20, '02', 'Menerapkan hasil inovasi atau kajian laboratorium/bengkel', 0, 0),
(117, 20, '03', 'Merancang kegiatan laboratorium/bengkel untuk pendidikan dan penelitian', 0, 0),
(118, 20, '04', 'Melaksanakan kegiatan laboratorium/bengkel untuk kepentingan pendidikan dan penelitian', 0, 0),
(119, 20, '05', 'Mempublikasikan karya tulis ilmiah hasil kajian/inovasi laboratorium/bengkel', 0, 0),
(120, 21, '01', 'Menyusun panduan/penuntun (manual) praktikum ', 0, 0),
(121, 21, '02', 'Menetapkan ketentuan mengenai kesehatan dan keselamatan kerja (K3)', 0, 0),
(122, 21, '03', 'Menerapkan ketentuan mengenai kesehatan dan keselamatan kerja (K3)', 0, 0),
(123, 21, '04', 'Menerapkan prosedur penanganan bahan berbahaya dan beracun', 0, 0),
(124, 21, '05', 'Memantau bahan berbahaya dan beracun, serta peralatan keselamatan kerja', 0, 0),
(125, 22, '01', 'Berakhlak mulia, mengembangkan budaya dan tradisi akhlak mulia, dan menjadi teladan akhlak mulia bagi komunitas di sekolah/madrasah.', 0, 0),
(126, 22, '02', 'Melaksanakan tugas pokok dan fungsi sebagai kepala sekolah dengan penuh kejujuran, ketulusan, komitmen, dan integritas.', 0, 0),
(127, 22, '03', 'Bersikap terbuka dalam melaksanakan tugas pokok dan fungsi sebagai kepala sekolah/madrasah.', 0, 0),
(128, 22, '04', 'Mengendalikan diri dalam menghadapi masalah dan tantangan sebagai kepala sekolah/madrasah.', 0, 0),
(129, 22, '05', 'Berpartisipasi dalam kegiatan sosial kemasyarakatan.', 0, 0),
(130, 22, '06', 'Tanggap dan peduli terhadap kepentingan orang atau kelompok lain.', 0, 0),
(131, 22, '07', 'Mengembangkan dan mengelola hubungan sekolah/madrasah dengan pihak lain di luar sekolah dalam rangka mendapatkan dukungan ide, sumber belajar, dan pembiayaan sekolah/madrasah.Kepribadian dan Sosial', 0, 0),
(132, 23, '01', 'Bertindak sesuai dengan visi dan misi sekolah/madrasah.', 0, 0),
(133, 23, '02', 'Merumuskan tujuan yang menantang diri sendiri dan orang lain untuk mencapai standard yang tinggi.', 0, 0),
(134, 23, '03', 'Mengembangkan sekolah/madrasah menuju organisasi pembelajaran (learning organization).', 0, 0),
(135, 23, '04', 'Menciptakan budaya dan iklim sekolah/madrasah yang kondusif dan inovatif bagi pembelajaran.', 0, 0),
(136, 23, '05', 'Memegang teguh tujuan sekolah dengan menjadi contoh dan bertindak sebagai pemimpin pembelajaran.', 0, 0),
(137, 23, '06', 'Melaksanakan kepemimpinan yang inspiratif. ', 0, 0),
(138, 23, '07', 'Membangun rasa saling percaya dan memfasilitasi kerjasama dalam rangka untuk menciptakan kolaborasi yang kuat di antara warga sekolah/madrasah', 0, 0),
(139, 23, '08', 'Bekerja keras untuk mencapai keberhasilan sekolah/madrasah sebagai organisasi pembelajar yang efektif.', 0, 0),
(140, 23, '09', 'Mengembangkan kurikulum dan kegiatan pembelajaran sesuai dengan visi, misi, dan tujuan sekolah.', 0, 0),
(141, 23, '10', 'Mengelola peserta didik dalam rangka pengembangan kapasitasnya secara optimal.', 0, 0),
(142, 24, '01', 'Menyusun rencana pengembangan sekolah/madrasah jangka panjang, menengah, dan pendek dalam rangka mencapai visi, misi, dan tujuan sekolah/madrasah.', 0, 0),
(143, 24, '02', 'Mengembangkan struktur organisasi sekolah/madrasah yang efektif dan efisien sesuai dengan kebutuhan.', 0, 0),
(144, 24, '03', 'Melaksanakan pengembangan sekolah/madrasah sesuai dengan rencana jangka panjang, menengah, dan jangka pendek sekolah menuju tercapainya visi, misi, dan tujuan sekolah.', 0, 0),
(145, 24, '04', 'Mewujudkan peningkatan kinerja sekolah yang signifikan sesuai dengan visi, misi, tujuan sekolah dan standard nasional pendidikan.', 0, 0),
(146, 24, '05', 'Melakukan monitoring, evaluasi, dan pelaporan pelaksanaan program kegiatan sekolah/madrasah dengan prosedur yang tepat.', 0, 0),
(147, 24, '06', 'Merencanakan dan menindaklanjuti hasil monitoring, evaluasi, dan pelaporan.', 0, 0),
(148, 24, '07', 'Melaksanakan penelitian tindakan sekolah dalam rangka meningkatkan kinerja sekolah/madrasah.', 0, 0),
(149, 25, '01', 'Menciptakan inovasi yang bermanfaat bagi pengembangan sekolah/ madrasah.', 0, 0),
(150, 25, '02', 'Memiliki motivasi yang kuat untuk sukses dalam melaksanakan tugas pokok dan fungsinya sebagai pemimpin pembelajaran.', 0, 0),
(151, 25, '03', 'Memotivasi warga sekolah untuk sukses dalam melaksanakan tugas pokok dan fungsinya masing-masing.', 0, 0),
(152, 25, '04', 'Pantang menyerah dan selalu mencari solusi terbaik dalam menghadapi kendala yang dihadapi sekolah/madrasah.', 0, 0),
(153, 25, '05', 'Menerapkan nilai dan prinsip-prinsip kewirausahaan dalam mengembangkan sekolah/madrasah.', 0, 0),
(154, 26, '01', 'Mengelola dan mendayagunakan pendidik dan tenaga kependidikan secara optimal.', 0, 0),
(155, 26, '02', 'Memanfaatkan teknologi secara efektif dalam kegiatan pembelajaran.', 0, 0),
(156, 26, '03', 'Menyusun program supervisi akademik dalam rangka peningkatan profesionalisme guru.', 0, 0),
(157, 26, '04', 'Melaksanakan supervisi akademik terhadap guru dengan menggunakan pendekatan dan teknik supervisi yang tepat.', 0, 0),
(158, 26, '05', 'Menilai dan menindaklanjuti kegiatan supervisi akademik dalam rangka peningkatan profesionalisme guru', 0, 0),
(159, 27, '01', 'Berakhlak mulia, mengembangkan budaya dan tradisi akhlak mulia, dan menjadi teladan akhlak mulia bagi komunitas di sekolah/madrasah.', 0, 0),
(160, 27, '02', 'Melaksanakan tugas pokok dan fungsi sebagai kepala sekolah dengan penuh kejujuran, ketulusan, komitmen, dan integritas.', 0, 0),
(161, 27, '03', 'Bersikap terbuka dalam melaksanakan tugas pokok dan fungsi sebagai kepala sekolah/madrasah.', 0, 0),
(162, 27, '04', 'Mengendalikan diri dalam menghadapi masalah dan tantangan sebagai kepala sekolah/madrasah.', 0, 0),
(163, 27, '05', 'Berpartisipasi dalam kegiatan sosial kemasyarakatan.', 0, 0),
(164, 27, '06', 'Tanggap dan peduli terhadap kepentingan orang atau kelompok lain.', 0, 0),
(165, 27, '07', 'Mengembangkan dan mengelola hubungan sekolah/madrasah dengan pihak lain di luar sekolah dalam rangka mendapatkan dukungan ide, sumber belajar, dan pembiayaan sekolah/madrasah.Kepribadian dan Sosial', 0, 0),
(166, 28, '01', 'Bertindak sesuai dengan visi dan misi sekolah/madrasah.', 0, 0),
(167, 28, '02', 'Merumuskan tujuan yang menantang diri sendiri dan orang lain untuk mencapai standard yang tinggi.', 0, 0),
(168, 28, '03', 'Mengembangkan sekolah/madrasah menuju organisasi pembelajaran (learning organization).', 0, 0),
(169, 28, '04', 'Menciptakan budaya dan iklim sekolah/madrasah yang kondusif dan inovatif bagi pembelajaran.', 0, 0),
(170, 28, '05', 'Memegang teguh tujuan sekolah dengan menjadi contoh dan bertindak sebagai pemimpin pembelajaran.', 0, 0),
(171, 28, '06', 'Melaksanakan kepemimpinan yang inspiratif. ', 0, 0),
(172, 28, '07', 'Membangun rasa saling percaya dan memfasilitasi kerjasama dalam rangka untuk menciptakan kolaborasi yang kuat di antara warga sekolah/madrasah', 0, 0),
(173, 28, '08', 'Bekerja keras untuk mencapai keberhasilan sekolah/madrasah sebagai organisasi pembelajar yang efektif.', 0, 0),
(174, 28, '09', 'Mengembangkan kurikulum dan kegiatan pembelajaran sesuai dengan visi, misi, dan tujuan sekolah.', 0, 0),
(175, 28, '10', 'Mengelola peserta didik dalam rangka pengembangan kapasitasnya secara optimal.', 0, 0),
(176, 29, '01', 'Menyusun rencana pengembangan sekolah/madrasah jangka panjang, menengah, dan pendek dalam rangka mencapai visi, misi, dan tujuan sekolah/madrasah.', 0, 0),
(177, 29, '02', 'Mengembangkan struktur organisasi sekolah/madrasah yang efektif dan efisien sesuai dengan kebutuhan.', 0, 0),
(178, 29, '03', 'Melaksanakan pengembangan sekolah/madrasah sesuai dengan rencana jangka panjang, menengah, dan jangka pendek sekolah menuju tercapainya visi, misi, dan tujuan sekolah.', 0, 0),
(179, 29, '04', 'Mewujudkan peningkatan kinerja sekolah yang signifikan sesuai dengan visi, misi, tujuan sekolah dan standard nasional pendidikan.', 0, 0),
(180, 29, '05', 'Melakukan monitoring, evaluasi, dan pelaporan pelaksanaan program kegiatan sekolah/madrasah dengan prosedur yang tepat.', 0, 0),
(181, 29, '06', 'Merencanakan dan menindaklanjuti hasil monitoring, evaluasi, dan pelaporan.', 0, 0),
(182, 29, '07', 'Melaksanakan penelitian tindakan sekolah dalam rangka meningkatkan kinerja sekolah/madrasah.', 0, 0),
(183, 30, '01', 'Menciptakan inovasi yang bermanfaat bagi pengembangan sekolah/ madrasah.', 0, 0),
(184, 30, '02', 'Memiliki motivasi yang kuat untuk sukses dalam melaksanakan tugas pokok dan fungsinya sebagai pemimpin pembelajaran.', 0, 0),
(185, 30, '03', 'Memotivasi warga sekolah untuk sukses dalam melaksanakan tugas pokok dan fungsinya masing-masing.', 0, 0),
(186, 30, '04', 'Pantang menyerah dan selalu mencari solusi terbaik dalam menghadapi kendala yang dihadapi sekolah/madrasah.', 0, 0),
(187, 30, '05', 'Menerapkan nilai dan prinsip-prinsip kewirausahaan dalam mengembangkan sekolah/madrasah.', 0, 0),
(188, 31, '01', 'Mengelola dan mendayagunakan sarana dan prasarana sekolah/madrasah secara optimal untuk kepentingan pembelajaran.', 0, 0),
(189, 31, '02', 'Mengelola lingkungan sekolah yang menjamin keamanan, keselamatan, dan kesehatan.', 0, 0),
(190, 31, '03', 'Mengelola sistem informasi sekolah/madrasah dalam mendukung penyusun', 0, 0),
(191, 32, '01', 'Berakhlak mulia, mengembangkan budaya dan tradisi akhlak mulia, dan menjadi teladan akhlak mulia bagi komunitas di sekolah/madrasah.', 0, 0),
(192, 32, '02', 'Melaksanakan tugas pokok dan fungsi sebagai kepala sekolah dengan penuh kejujuran, ketulusan, komitmen, dan integritas.', 0, 0),
(193, 32, '03', 'Bersikap terbuka dalam melaksanakan tugas pokok dan fungsi sebagai kepala sekolah/madrasah.', 0, 0),
(194, 32, '04', 'Mengendalikan diri dalam menghadapi masalah dan tantangan sebagai kepala sekolah/madrasah.', 0, 0),
(195, 32, '05', 'Berpartisipasi dalam kegiatan sosial kemasyarakatan.', 0, 0),
(196, 32, '06', 'Tanggap dan peduli terhadap kepentingan orang atau kelompok lain.', 0, 0),
(197, 32, '07', 'Mengembangkan dan mengelola hubungan sekolah/madrasah dengan pihak lain di luar sekolah dalam rangka mendapatkan dukungan ide, sumber belajar, dan pembiayaan sekolah/madrasah.Kepribadian dan Sosial', 0, 0),
(198, 33, '01', 'Bertindak sesuai dengan visi dan misi sekolah/madrasah.', 0, 0),
(199, 33, '02', 'Merumuskan tujuan yang menantang diri sendiri dan orang lain untuk mencapai standard yang tinggi.', 0, 0),
(200, 33, '03', 'Mengembangkan sekolah/madrasah menuju organisasi pembelajaran (learning organization).', 0, 0),
(201, 33, '04', 'Menciptakan budaya dan iklim sekolah/madrasah yang kondusif dan inovatif bagi pembelajaran.', 0, 0),
(202, 33, '05', 'Memegang teguh tujuan sekolah dengan menjadi contoh dan bertindak sebagai pemimpin pembelajaran.', 0, 0),
(203, 33, '06', 'Melaksanakan kepemimpinan yang inspiratif. ', 0, 0),
(204, 33, '07', 'Membangun rasa saling percaya dan memfasilitasi kerjasama dalam rangka untuk menciptakan kolaborasi yang kuat di antara warga sekolah/madrasah', 0, 0),
(205, 33, '08', 'Bekerja keras untuk mencapai keberhasilan sekolah/madrasah sebagai organisasi pembelajar yang efektif.', 0, 0),
(206, 33, '09', 'Mengembangkan kurikulum dan kegiatan pembelajaran sesuai dengan visi, misi, dan tujuan sekolah.', 0, 0),
(207, 33, '10', 'Mengelola peserta didik dalam rangka pengembangan kapasitasnya secara optimal.', 0, 0),
(208, 34, '01', 'Menyusun rencana pengembangan sekolah/madrasah jangka panjang, menengah, dan pendek dalam rangka mencapai visi, misi, dan tujuan sekolah/madrasah.', 0, 0),
(209, 34, '02', 'Mengembangkan struktur organisasi sekolah/madrasah yang efektif dan efisien sesuai dengan kebutuhan.', 0, 0),
(210, 34, '03', 'Melaksanakan pengembangan sekolah/madrasah sesuai dengan rencana jangka panjang, menengah, dan jangka pendek sekolah menuju tercapainya visi, misi, dan tujuan sekolah.', 0, 0),
(211, 34, '04', 'Mewujudkan peningkatan kinerja sekolah yang signifikan sesuai dengan visi, misi, tujuan sekolah dan standard nasional pendidikan.', 0, 0),
(212, 34, '05', 'Melakukan monitoring, evaluasi, dan pelaporan pelaksanaan program kegiatan sekolah/madrasah dengan prosedur yang tepat.', 0, 0),
(213, 34, '06', 'Merencanakan dan menindaklanjuti hasil monitoring, evaluasi, dan pelaporan.', 0, 0),
(214, 34, '07', 'Melaksanakan penelitian tindakan sekolah dalam rangka meningkatkan kinerja sekolah/madrasah.', 0, 0),
(215, 35, '01', 'Menciptakan inovasi yang bermanfaat bagi pengembangan sekolah/ madrasah.', 0, 0),
(216, 35, '02', 'Memiliki motivasi yang kuat untuk sukses dalam melaksanakan tugas pokok dan fungsinya sebagai pemimpin pembelajaran.', 0, 0),
(217, 35, '03', 'Memotivasi warga sekolah untuk sukses dalam melaksanakan tugas pokok dan fungsinya masing-masing.', 0, 0),
(218, 35, '04', 'Pantang menyerah dan selalu mencari solusi terbaik dalam menghadapi kendala yang dihadapi sekolah/madrasah.', 0, 0),
(219, 35, '05', 'Menerapkan nilai dan prinsip-prinsip kewirausahaan dalam mengembangkan sekolah/madrasah.', 0, 0),
(220, 36, '01', 'Mengelola peserta didik dalam rangka pengembangan kapasitasnya secara optimal sesuai minat dan bakat masing-masing.', 0, 0),
(221, 36, '02', 'Mengelola layanan-layanan khusus sekolah/madrasah dalam mendukung kegiatan pembelajaran dan kegiatan peserta didik di sekolah/madrasah.', 0, 0),
(222, 36, '03', 'Melaksanakan bimbingan kegiatan kegiatan kesiswaan.', 0, 0),
(223, 36, '04', 'Menegakkan disiplin dan tata tertib siswa.', 0, 0),
(224, 37, '01', 'Berakhlak mulia, mengembangkan budaya dan tradisi akhlak mulia, dan menjadi teladan akhlak mulia bagi komunitas di sekolah/madrasah.', 0, 0),
(225, 37, '02', 'Melaksanakan tugas pokok dan fungsi sebagai kepala sekolah dengan penuh kejujuran, ketulusan, komitmen, dan integritas.', 0, 0),
(226, 37, '03', 'Bersikap terbuka dalam melaksanakan tugas pokok dan fungsi sebagai kepala sekolah/madrasah.', 0, 0),
(227, 37, '04', 'Mengendalikan diri dalam menghadapi masalah dan tantangan sebagai kepala sekolah/madrasah.', 0, 0),
(228, 37, '05', 'Berpartisipasi dalam kegiatan sosial kemasyarakatan.', 0, 0),
(229, 37, '06', 'Tanggap dan peduli terhadap kepentingan orang atau kelompok lain.', 0, 0),
(230, 37, '07', 'Mengembangkan dan mengelola hubungan sekolah/madrasah dengan pihak lain di luar sekolah dalam rangka mendapatkan dukungan ide, sumber belajar, dan pembiayaan sekolah/madrasah.Kepribadian dan Sosial', 0, 0),
(231, 38, '01', 'Bertindak sesuai dengan visi dan misi sekolah/madrasah.', 0, 0),
(232, 38, '02', 'Merumuskan tujuan yang menantang diri sendiri dan orang lain untuk mencapai standard yang tinggi.', 0, 0),
(233, 38, '03', 'Mengembangkan sekolah/madrasah menuju organisasi pembelajaran (learning organization).', 0, 0),
(234, 38, '04', 'Menciptakan budaya dan iklim sekolah/madrasah yang kondusif dan inovatif bagi pembelajaran.', 0, 0),
(235, 38, '05', 'Memegang teguh tujuan sekolah dengan menjadi contoh dan bertindak sebagai pemimpin pembelajaran.', 0, 0),
(236, 38, '06', 'Melaksanakan kepemimpinan yang inspiratif. ', 0, 0),
(237, 38, '07', 'Membangun rasa saling percaya dan memfasilitasi kerjasama dalam rangka untuk menciptakan kolaborasi yang kuat di antara warga sekolah/madrasah', 0, 0),
(238, 38, '08', 'Bekerja keras untuk mencapai keberhasilan sekolah/madrasah sebagai organisasi pembelajar yang efektif.', 0, 0),
(239, 38, '09', 'Mengembangkan kurikulum dan kegiatan pembelajaran sesuai dengan visi, misi, dan tujuan sekolah.', 0, 0),
(240, 38, '10', 'Mengelola peserta didik dalam rangka pengembangan kapasitasnya secara optimal.', 0, 0),
(241, 39, '01', 'Menyusun rencana pengembangan sekolah/madrasah jangka panjang, menengah, dan pendek dalam rangka mencapai visi, misi, dan tujuan sekolah/madrasah.', 0, 0),
(242, 39, '02', 'Mengembangkan struktur organisasi sekolah/madrasah yang efektif dan efisien sesuai dengan kebutuhan.', 0, 0),
(243, 39, '03', 'Melaksanakan pengembangan sekolah/madrasah sesuai dengan rencana jangka panjang, menengah, dan jangka pendek sekolah menuju tercapainya visi, misi, dan tujuan sekolah.', 0, 0),
(244, 39, '04', 'Mewujudkan peningkatan kinerja sekolah yang signifikan sesuai dengan visi, misi, tujuan sekolah dan standard nasional pendidikan.', 0, 0),
(245, 39, '05', 'Melakukan monitoring, evaluasi, dan pelaporan pelaksanaan program kegiatan sekolah/madrasah dengan prosedur yang tepat.', 0, 0),
(246, 39, '06', 'Merencanakan dan menindaklanjuti hasil monitoring, evaluasi, dan pelaporan.', 0, 0),
(247, 39, '07', 'Melaksanakan penelitian tindakan sekolah dalam rangka meningkatkan kinerja sekolah/madrasah.', 0, 0),
(248, 40, '01', 'Menciptakan inovasi yang bermanfaat bagi pengembangan sekolah/ madrasah.', 0, 0),
(249, 40, '02', 'Memiliki motivasi yang kuat untuk sukses dalam melaksanakan tugas pokok dan fungsinya sebagai pemimpin pembelajaran.', 0, 0),
(250, 40, '03', 'Memotivasi warga sekolah untuk sukses dalam melaksanakan tugas pokok dan fungsinya masing-masing.', 0, 0),
(251, 40, '04', 'Pantang menyerah dan selalu mencari solusi terbaik dalam menghadapi kendala yang dihadapi sekolah/madrasah.', 0, 0),
(252, 40, '05', 'Menerapkan nilai dan prinsip-prinsip kewirausahaan dalam mengembangkan sekolah/madrasah.', 0, 0),
(253, 41, '01', 'Membangun jejaring kerjasama dengan pihak luar.', 0, 0),
(254, 41, '02', 'Mengelola hubungan sekolah/madrasah dengan pihak lain di luar sekolah dalam rangka mendapatkan dukungan ide, sumber belajar, dan pembiayaan sekolah/madrasah.', 0, 0),
(255, 41, '03', 'Mempublisasikan kebijakan, program sekolah dan prestasi sekolah pada pihak diluar sekolah.', 0, 0),
(256, 42, '01', 'Merencanakan program pengembangan koleksi.', 0, 0),
(257, 42, '02', 'Merencanakan pengembangan sarana dan prasarana.', 0, 0),
(258, 42, '03', 'Merencanakan pengembangan SDM tenaga perpustakaan.', 0, 0),
(259, 42, '04', 'Merencanakan anggaran.', 0, 0),
(260, 42, '05', 'Merencanakan program pengembangan koleksi perpustakaan.', 0, 0),
(261, 42, '06', 'Merencanakan program promosi perpustakaan.', 0, 0),
(262, 42, '07', 'Merencanakan pengembangan program kualifikasi tenaga perpustakaan perpustakaan.', 0, 0),
(263, 42, '08', 'Merencanakan pengembangan program kompetensi tenaga perpustakaan perpustakaan.', 0, 0),
(264, 43, '01', 'Melaksanakan program pengembangan koleksi.', 0, 0),
(265, 43, '02', 'Melaksanakan pengembangan sarana dan prasarana.', 0, 0),
(266, 43, '03', 'Melaksanakan pengembangan SDM tenaga perpustakaan.', 0, 0),
(267, 43, '04', 'Merealisasikan anggaran sesuai dengan program.', 0, 0),
(268, 43, '05', 'Menginventarisasi buku-buku perpustakaan.', 0, 0),
(269, 43, '06', 'Mengawasi keluar masuknya buku dari peminjam.', 0, 0),
(270, 43, '07', 'Mengoptimalkan pembuatan catalog.', 0, 0),
(271, 43, '08', 'Mengoptimalkan penyusunan atau penempatan buku-buku sesuai dengan peruntukannya.', 0, 0),
(272, 43, '09', 'Mendata pengunjung dan pengguna perpustakaan dalam bentuk grafik.', 0, 0),
(273, 44, '01', 'Mengevaluasi program pengembangan koleksi.', 0, 0),
(274, 44, '02', 'Mengevaluasi pengembangan sarana dan prasarana.', 0, 0),
(275, 44, '03', 'Mengevaluasi pengembangan SDM tenaga perpustakaan.', 0, 0),
(276, 44, '04', 'Mengevaluasi anggaran sesuai dengan program.', 0, 0),
(277, 44, '05', 'Mengevaluasi isi buku-buku perpustakaan.', 0, 0),
(278, 44, '06', 'Mengevaluasi keluar masuknya buku dari peminjam.', 0, 0),
(279, 44, '07', 'Mengevaluasi pembuatan katalog.', 0, 0),
(280, 44, '08', 'Mengevaluasi penyusunan atau penempatan buku-buku sesuai dengan peruntukannya.', 0, 0),
(281, 45, '01', 'Menyusun Pengembangan Koleksi (Collection Development Policy).', 0, 0),
(282, 45, '02', 'Menggunakan berbagai alat bantu seleksi untuk pemilihan bahan perpustakaan.', 0, 0),
(283, 45, '03', 'Melakukan survey kebutuhan koleksi pengguna perpustakaan.', 0, 0),
(284, 45, '04', 'Menyeleksi koleksi sesuai dengan Kebijakan Pengembangan Koleksi', 0, 0),
(285, 45, '05', 'Mengkoordinasi pemilihan bahan perpustakaan bekerja sama dengan tenaga pendidik/guru bidang studi.', 0, 0),
(286, 45, '06', 'Memilih koleksi yang beragam yang memenuhi kebutuhan kurikulum.', 0, 0),
(287, 45, '07', 'Melakukan pengadaan bahan perpustakaan.', 0, 0),
(288, 45, '08', 'Mendayagunakan teknologi informasi untuk keperluan perawatan bahan perpustakaan.', 0, 0),
(289, 46, '01', 'Mengorganisasi penyusunan deskripsi bibliografis (pengkatalogan) sesuai dengan standar AACR (Anglo-American Cataloging Rules).', 0, 0),
(290, 46, '02', 'Mengorganisasi penentuan klasifikasi menggunakan Dewey Decimal Classification.', 0, 0),
(291, 46, '03', 'Mengorganisasi penentuan tajuk subyek.', 0, 0),
(292, 46, '04', 'Mengorganisasi pengelolaan data bibliografis.', 0, 0),
(293, 46, '05', 'Mengorganisasi pemanfaatan teknologi informasi dan komunikasi untuk pengorganisasian dan penelusuran informasi.', 0, 0),
(294, 46, '06', 'Mengorganisasi penyusunan program layanan jasa informasi.', 0, 0),
(295, 46, '07', 'Mengorganisasi penyelenggaraan layanan jasa sirkulasi.', 0, 0),
(296, 46, '08', 'Mengorganisasi bimbingan penggunaan perpustakaan bagi pengguna perpustakaan (User instruction).', 0, 0),
(297, 47, '01', 'Melakukan analisis kebutuhan informasi pengguna perpustakaan.', 0, 0),
(298, 47, '02', 'Melaksanakan penerapan teknologi informasi dalam pengelolaan perpustakaan.', 0, 0),
(299, 47, '03', 'Membimbing pengguna perpustakaan dalam pemanfaatan teknologi informasi dalam memfasilitasi proses belajar mengajar.', 0, 0),
(300, 47, '04', 'Membantu pengguna perpustakaan dalam memanfaatkan teknologi informasi dan komunikasi (internet).', 0, 0),
(301, 48, '01', 'Mengidentifikasi kemampuan dasar literasi informasi pengguna perpustakaan sekolah.', 0, 0),
(302, 48, '02', 'Menyusun panduan materi bimbingan literasi informasi sesuai dengan kebutuhan pengguna.', 0, 0),
(303, 48, '03', 'Membimbing pengguna mencapai kemampuan literasi informasi.', 0, 0),
(304, 48, '04', 'Mempromosikan kegiatan minat baca komunitas sekolah/madrasah.', 0, 0),
(305, 49, '01', 'Mengembangkan visi dan misi perpustakaan sekolah berdasarkan tujuan dan fungsi sekolah/madrasah dalam konteks pendidikan nasional.', 0, 0),
(306, 49, '02', 'Mengembangkan program perpustakaan sekolah dalam mendukung pelaksanaan kurikulum.', 0, 0),
(307, 49, '03', 'Mengembangkan pedoman perpustakaan sebagai sumber belajar.', 0, 0),
(308, 49, '04', 'Mengembangkan pedoman belajar mandiri.', 0, 0),
(309, 50, '01', 'Kedisiplinan.', 0, 0),
(310, 50, '02', 'Kerapian.', 0, 0),
(311, 50, '03', 'Kesopanan/Kesantunan/Keramahan.', 0, 0),
(312, 50, '04', 'Kepedulian.', 0, 0),
(313, 50, '05', 'Berinteraksi dengan komunitas sekolah/madrasah.', 0, 0),
(314, 50, '06', 'Bekerja sama dengan guru dalam mengembangkan pembelajaran sekolah/madrasah.', 0, 0),
(315, 50, '07', 'Membangun komunikasi dengan komunitas sekolah/madrasah.', 0, 0),
(316, 50, '08', 'Menjalin kerja sama internal dan eksternal perpustakaan sekolah.', 0, 0),
(317, 51, '01', 'Membuat karya tulis di bidang ilmu perpustakaan dan informasi.', 0, 0),
(318, 51, '02', 'Meresensi/meresume buku.', 0, 0),
(319, 51, '03', 'Membuat indeks.', 0, 0),
(320, 51, '04', 'Membuat bibliografi.', 0, 0),
(321, 52, '01', 'Berakhlak mulia, mengembangkan budaya dan tradisi akhlak mulia, dan menjadi teladan akhlak mulia bagi komunitas di sekolah/madrasah.', 0, 0),
(322, 52, '02', 'Melaksanakan tugas pokok dan fungsi sebagai kepala sekolah dengan penuh kejujuran, ketulusan, komitmen, dan integritas.', 0, 0),
(323, 52, '03', 'Bersikap terbuka dalam melaksanakan tugas pokok dan fungsi sebagai kepala sekolah/madrasah.', 0, 0),
(324, 52, '04', 'Mengendalikan diri dalam menghadapi masalah dan tantangan sebagai kepala sekolah/madrasah.', 0, 0),
(325, 52, '05', 'Berpartisipasi dalam kegiatan sosial kemasyarakatan.', 0, 0),
(326, 52, '06', 'Tanggap dan peduli terhadap kepentingan orang atau kelompok lain.', 0, 0),
(327, 52, '07', 'Mengembangkan dan mengelola hubungan sekolah/madrasah dengan pihak lain di luar sekolah dalam rangka mendapatkan dukungan ide, sumber belajar, dan pembiayaan sekolah/madrasah.', 0, 0),
(328, 53, '01', 'Bertindak sesuai dengan visi dan misi sekolah/madrasah.', 0, 0),
(329, 53, '02', 'Merumuskan tujuan yang menantang diri sendiri dan orang lain untuk mencapai standard yang tinggi.', 0, 0),
(330, 53, '03', 'Mengembangkan sekolah/madrasah menuju organisasi pembelajar (learning organization).', 0, 0),
(331, 53, '04', 'Menciptakan budaya dan iklim sekolah/madrasah yang kondusif dan inovatif bagi pembelajaran.', 0, 0),
(332, 53, '05', 'Memegang teguh tujuan sekolah dengan menjadi contoh dan bertindak sebagai pemimpin pembelajaran', 0, 0),
(333, 53, '06', 'Melaksanakan kepemimpinan yang inspiratif.', 0, 0),
(334, 53, '07', 'Membangun rasa saling percaya dan memfasilitasi kerjasama dalam rangka untuk menciptakan kolaborasi yang kuat diantara warga sekolah/madrasah', 0, 0),
(335, 53, '08', 'Bekerja keras untuk mencapai keberhasilan sekolah/madrasah sebagai organisasi pembelajar yang efektif.', 0, 0),
(336, 53, '09', 'Mengembangkan kurikulum dan kegiatan pembelajaran sesuai dengan visi, misi, dan tujuan sekolah.', 0, 0),
(337, 53, '10', 'Mengelola peserta didik dalam rangka pengembangan kapasitasnya secara optimal.', 0, 0),
(338, 54, '01', 'Menyusun rencana pengembangan sekolah/madrasah jangka panjang, menengah, dan pendek dalam rangka mencapai visi, misi, dan tujuan sekolah/madrasah.', 0, 0),
(339, 54, '02', 'Mengembangkan struktur organisasi sekolah/madrasah yang efektif dan efisien sesuai dengan kebutuhan.', 0, 0),
(340, 54, '03', 'Melaksanakan pengembangan sekolah/madrasah sesuai dengan rencana jangka panjang, menengah, dan jangka pendek sekolah menuju tercapainya visi, misi, dan tujuan sekolah.', 0, 0),
(341, 54, '04', 'Mewujudkan peningkatan kinerja sekolah yang signifikan sesuai dengan visi, misi, tujuan sekolah dan standard nasional pendidikan.', 0, 0),
(342, 54, '05', 'Melakukan monitoring, evaluasi, dan pelaporan pelaksanaan program kegiatan sekolah/madrasah dengan prosedur yang tepat.', 0, 0),
(343, 54, '06', 'Merencanakan dan menindaklanjuti hasil monitoring, evaluasi, dan pelaporan. ', 0, 0),
(344, 54, '07', 'Melaksanakan penelitian tindakan sekolah dalam rangka meningkatkan kinerja sekolah/madrasah.', 0, 0),
(345, 55, '01', 'Mengelola dan mendayagunakan pendidik dan tenaga kependidikan secara optimal.', 0, 0),
(346, 55, '02', 'Mengelola dan mendayagunakan sarana dan prasarana sekolah/madrasah secara optimal untuk kepentingan pembelajaran.', 0, 0),
(347, 55, '03', 'Mengelola keuangan sekolah/madrasah sesuai dengan prinsip-prinsip efisiensi, transparansi, dan akuntabilitas.', 0, 0),
(348, 55, '04', 'Mengelola lingkungan sekolah yang menjamin keamanan, keselamatan, dan kesehatan. ', 0, 0),
(349, 55, '05', 'Mengelola ketatausahaan sekolah/madrasah dalam mendukung pencapaian tujuan sekolah/madrasah.', 0, 0),
(350, 55, '06', 'Mengelola sistem informasi sekolah/madrasah dalam mendukung penyusunan program dan pengambilan keputusan.', 0, 0),
(351, 55, '07', 'Mengelola layanan-layanan khusus sekolah/madrasah dalam mendukung kegiatan pembelajaran dan kegiatan peserta didik di sekolah/madrasah. ', 0, 0),
(352, 55, '08', 'Memanfaatkan teknologi secara efektif dalam kegiatan pembelajaran dan manajemen sekolah/madrasah.', 0, 0),
(353, 56, '01', 'Menciptakan inovasi yang bermanfaat bagi pengembangan sekolah/ madrasah.', 0, 0),
(354, 56, '02', 'Memiliki motivasi yang kuat untuk sukses dalam melaksanakan tugas pokok dan fungsinya sebagai pemimpin pembelajaran.', 0, 0),
(355, 56, '03', 'Memotivasi warga sekolah untuk sukses dalam melaksanakan tugas pokok dan fungsinya masing-masing.', 0, 0),
(356, 56, '04', 'Pantang menyerah dan selalu mencari solusi terbaik dalam menghadapi kendala yang dihadapi sekolah/madrasah.', 0, 0),
(357, 56, '05', 'Menerapkan nilai dan prinsip-prinsip kewirausahaan dalam mengembangkan sekolah/madrasah.', 0, 0),
(358, 57, '01', 'Menyusun program supervisi akademik dalam rangka peningkatan profesionalisme guru.', 0, 0),
(359, 57, '02', 'Melaksanakan supervisi akademik terhadap guru dengan menggunakan pendekatan dan teknik supervisi yang tepat.', 0, 0),
(360, 57, '03', 'Menilai dan menindaklanjuti kegiatan supervisi akademik dalam rangka peningkatan profesionalisme guru.', 0, 0);

-- phpMyAdmin SQL Dump
-- version 4.5.4.1deb2ubuntu2
-- http://www.phpmyadmin.net
--
-- Host: localhost
-- Generation Time: Mar 08, 2017 at 07:23 AM
-- Server version: 5.7.17-0ubuntu0.16.04.1
-- PHP Version: 7.0.13-0ubuntu0.16.04.1

SET SQL_MODE = "NO_AUTO_VALUE_ON_ZERO";
SET time_zone = "+00:00";

--
-- Database: `mante392_akademik`
--

--
-- Dumping data for table `pkg_m_kompetensi`
--

INSERT INTO `pkg_m_kompetensi` (`id_pkg_m_kompetensi`, `nourut`, `kelompok`, `kompetensi`, `untuk`) VALUES
(1, '01', 'A', 'Mengenal karakteristik peserta didik', 'guru'),
(2, '02', 'A', 'Menguasai teori belajar dan prinsip-prinsip pembelajaran yang mendidik', 'guru'),
(3, '03', 'A', 'Pengembangan kurikulum', 'guru'),
(4, '04', 'A', 'Kegiatan pembelajaran yang mendidik', 'guru'),
(5, '05', 'A', 'Memahami dan mengembangkan potensi', 'guru'),
(6, '06', 'A', 'Komunikasi dengan peserta didik', 'guru'),
(7, '07', 'A', 'Penilaian dan Evaluasi', 'guru'),
(8, '08', 'B', 'Bertindak sesuai dengan norma agama, hukum, sosial dan kebudayaan nasional Indonesia', 'guru'),
(9, '09', 'B', 'Menunjukkan pribadi yang dewasa dan teladan', 'guru'),
(10, '10', 'B', 'Etos kerja, tanggung jawab yang tinggi, dan rasa bangga menjadi guru', 'guru'),
(11, '11', 'C', 'Bersikap inklusif, bertindak obyektif, dan tidak diskriminatif', 'guru'),
(12, '12', 'C', 'Komunikasi dengan sesama guru, tenaga pendidikan, orang tua peserta didik, dan masyarakat', 'guru'),
(13, '13', 'D', 'Penguasaan materi struktur konsep dan pola pikir keilmuan yang mendukung mata pelajaran yang diampu', 'guru'),
(14, '14', 'D', 'Mengembangkan keprofesian melalui tindakan reflektif', 'guru'),
(15, '01', 'A1', 'Kepribadian', 'kepala laboratorium'),
(16, '02', 'A2', 'Sosial', 'kepala laboratorium'),
(17, '03', 'A3', 'Pengorganisasian Guru, Laboran/Teknisi', 'kepala laboratorium'),
(18, '04', 'A4', 'Pengelolaan Program dan Administrasi', 'kepala laboratorium'),
(19, '05', 'A5', 'Pengelolaan Pemantauan dan Evaluasi', 'kepala laboratorium'),
(20, '06', 'A6', 'Pengembangan dan Inovasi', 'kepala laboratorium'),
(21, '07', 'A7', 'Pengelolaan Lingkungan dan K3', 'kepala laboratorium'),
(22, '01', 'PKWKS 1', 'Kepribadian dan Sosial', 'waka kurikulum'),
(23, '02', 'PKWKS 2', 'Kepemimpinan', 'waka kurikulum'),
(24, '03', 'PKWKS 3', 'Pengembangan Sekolah/Madrasah', 'waka kurikulum'),
(25, '04', 'PKWKS 4', 'Kewirausahaan', 'waka kurikulum'),
(26, '05', 'PKWKS 5', 'Bidang Tugas', 'waka kurikulum'),
(27, '01', 'PKWKS 1', 'Kepribadian dan Sosial', 'waka sarana'),
(28, '02', 'PKWKS 2', 'Kepemimpinan', 'waka sarana'),
(29, '03', 'PKWKS 3', 'Pengembangan Sekolah/Madrasah', 'waka sarana'),
(30, '04', 'PKWKS 4', 'Kewirausahaan', 'waka sarana'),
(31, '05', 'PKWKS 5', 'Bidang Tugas', 'waka sarana'),
(32, '01', 'PKWKS 1', 'Kepribadian dan Sosial', 'waka kesiswaan'),
(33, '02', 'PKWKS 2', 'Kepemimpinan', 'waka kesiswaan'),
(34, '03', 'PKWKS 3', 'Pengembangan Sekolah/Madrasah', 'waka kesiswaan'),
(35, '04', 'PKWKS 4', 'Kewirausahaan', 'waka kesiswaan'),
(36, '05', 'PKWKS 5', 'Bidang Tugas', 'waka kesiswaan'),
(37, '01', 'PKWKS 1', 'Kepribadian dan Sosial', 'waka humas'),
(38, '02', 'PKWKS 2', 'Kepemimpinan', 'waka humas'),
(39, '03', 'PKWKS 3', 'Pengembangan Sekolah/Madrasah', 'waka humas'),
(40, '04', 'PKWKS 4', 'Kewirausahaan', 'waka humas'),
(41, '05', 'PKWKS 5', 'Bidang Tugas', 'waka humas'),
(42, '01', '', 'Merencanakan program perpustakaan sekolah/madrasah.', 'kepala perpustakaan'),
(43, '02', '', 'Melaksanakan program perpustakaan sekolah/madrasah.', 'kepala perpustakaan'),
(44, '03', '', 'Mengevaluasi program perpustakaan sekolah/madrasah.', 'kepala perpustakaan'),
(45, '04', '', 'Mengembangkan koleksi perpustakaan sekolah/madrasah.', 'kepala perpustakaan'),
(46, '05', '', 'Mengorganisasi layanan jasa informasi perpustakaan.', 'kepala perpustakaan'),
(47, '06', '', 'Menerapkan teknologi informasi dan komunikasi.', 'kepala perpustakaan'),
(48, '07', '', 'Mempromosikan perpustakaan & literasi informasi.', 'kepala perpustakaan'),
(49, '08', '', 'Mengembangkan kegiatan perpustakaan sebagai sumber belajar kependidikan.', 'kepala perpustakaan'),
(50, '09', '', 'Memiliki integritas dan etos kerja.', 'kepala perpustakaan'),
(51, '10', '', 'Mengembangkan profesionalitas kepustakawanan.', 'kepala perpustakaan'),
(52, '01', 'PKKS 1', 'Kepribadian dan Sosial', 'kepala madrasah'),
(53, '02', 'PKKS 2', 'Kepemimpinan', 'kepala madrasah'),
(54, '03', 'PKKS 3', 'Pengembangan Sekolah/Madrasah', 'kepala madrasah'),
(55, '04', 'PKKS 4', 'Pengelolaan Sumber Daya', 'kepala madrasah'),
(56, '05', 'PKKS 5', 'Kewirausahaan', 'kepala madrasah'),
(57, '06', 'PKKS 6', 'Supervisi Pembelajaran', 'kepala madrasah');

-- phpMyAdmin SQL Dump
-- version 4.5.4.1deb2ubuntu2
-- http://www.phpmyadmin.net
--
-- Host: localhost
-- Generation Time: Mar 08, 2017 at 07:24 AM
-- Server version: 5.7.17-0ubuntu0.16.04.1
-- PHP Version: 7.0.13-0ubuntu0.16.04.1

SET SQL_MODE = "NO_AUTO_VALUE_ON_ZERO";
SET time_zone = "+00:00";

--
-- Database: `mante392_akademik`
--

--
-- Dumping data for table `m_kredit`
--

INSERT INTO `m_kredit` (`id`, `kode`, `nama_pelanggaran`, `point`, `keterangan`, `jenis`, `butir`) VALUES
(1, 'A01', 'Keluar atau masuk kelas pada jam pelajaran tanpa izin', 2, '', 1, 'disiplin'),
(2, 'A02', 'Berbicara tidak sopan / jorok dengan guru, karyawan, dan teman', 10, '', 1, 'sopan santun'),
(3, 'A03', 'Merusak lingkungan atau fasilitas sekolah', 10, '', 1, 'menjaga lingkungan hidup di sekitar satuan pndidikan '),
(4, 'A04', 'Tidak mengerjakan tugas atau PR', 10, '', 1, 'disiplin'),
(5, 'A05', 'Memalsukan tanda tangan guru, pegawai, kepala sekolah dan orang tua', 25, '', 0, 'jujur'),
(6, 'A06', 'Berpacaran atau berpasangan melebihi batas kewajaran di lingkungan madrasah atau selama memakai seragam', 15, '', 0, 'menghargai dan menghayati ajaran Islam'),
(7, 'A07', 'Membawa alat perjudian di sekolah', 15, '', 0, 'menghargai dan menghayati ajaran Islam'),
(8, 'A08', 'Menggunakan atau mengaktifkan HP pada saat KBM', 15, 'Disita', 1, 'disiplin'),
(9, 'A09', 'HP berbunyi pada saat KBM', 15, 'Disita', 1, 'disiplin'),
(10, 'A10', 'Membawa rokok atau merokok pada jam sekolah dan diluar jam sekolah selama masih berseragam sekolah', 15, 'Disita', 0, 'disiplin'),
(11, 'A11', 'Bertindak asusila (Mencemarkan nama baik sekolah)', 75, '', 0, 'menghargai dan menghayati ajaran Islam'),
(12, 'A12', 'Membawa senjata tajam, benda atau alat-alat lainnya yang membahayakan', 50, 'Disita', 1, 'tanggung jawab'),
(13, 'A13', 'Mengancam guru, pegawai, dan sesama teman', 50, '', 0, 'menghargai dan menghayati ajaran Islam'),
(14, 'A14', 'Bertato, bertindik', 50, 'Dihapus', 0, 'menghargai dan menghayati ajaran Islam'),
(15, 'A15', 'Membawa atau minum-minuman keras', 75, '', 0, 'menghargai dan menghayati ajaran Islam'),
(16, 'A16', 'Menipu, berjudi, mencuri, merampas,, dan mengompas', 75, '', 0, 'menghargai dan menghayati ajaran Islam'),
(17, 'A17', 'Penganiyayaan terhadap guru, pegawai, dan sesama teman', 75, '', 0, 'menghargai dan menghayati ajaran Islam'),
(18, 'A18', 'Membawa, memakai ganja, narkotik dan obat-obatan terlarang', 100, '', 0, 'menghargai dan menghayati ajaran Islam'),
(19, 'A19', 'Berzina, memperkosa, hamil dan menghamili', 100, '', 0, 'menghargai dan menghayati ajaran Islam'),
(20, 'A20', 'Menikah ( siri atau negara )', 100, '', 0, 'jujur'),
(21, 'B01', 'Terlambat (masuk jam pertama)', 2, '', 1, 'disiplin'),
(22, 'B02', 'Tidak melaksanakan jadwal kebersihan', 2, '', 1, 'gotong royong'),
(23, 'B03', 'Tidak masuk sekolah tanpa keterangan (alpha)', 5, '', 1, 'disiplin'),
(24, 'B04', 'Tidak mengikuti upacara bendera', 5, '', 1, 'disiplin'),
(25, 'B05', 'Tidak berangkat keg.ekstrakurikuler / kegiatan yang diadakan sekolah', 5, '', 1, 'disiplin'),
(26, 'B06', 'Membolos', 10, '', 1, 'disiplin'),
(27, 'C01', 'Tidak berpakaian rapi', 2, '', 1, 'disiplin'),
(28, 'C02', 'Membuang sampah tidak pada tempatnya', 2, '', 0, 'tanggung jawab'),
(29, 'C03', 'Tidak memakai sepatu hitam ketika seragam OSIS PRAMUKA', 2, '', 1, 'disiplin'),
(30, 'C04', 'Tidak berkaos kaki putih diwaktu seragam OSIS dan warna hitam diwaktu PRAMUKA', 2, '', 1, 'disiplin'),
(31, 'C05', 'Tidak memakai badge, nama, lokasi ( identitas ), ikat pinggang hitam, kaos kaki, topi dan atribut pramuka ( waktu upacara )', 2, '', 1, 'disiplin'),
(32, 'C06', 'Berambut gondrong melebihi batas ketentuan atau Potongan tidak standar', 5, '', 1, 'disiplin'),
(33, 'C07', 'Rambut diberi warna selain warna hitam, dan bagi laki-laki menggunakan cincin, gelang dan kalung', 5, '', 0, 'menghargai dan menghayati ajaran Islam'),
(34, 'C08', 'Tidak berpakain seragam sekolah lengkap', 5, '', 0, 'disiplin'),
(35, 'C09', 'Menggunakan jilbab tidak sesuai aturan', 2, '', 0, 'disiplin'),
(36, 'C10', 'Menggunakan sepatu balet atau jaring', 2, '', 1, 'disiplin'),
(37, 'B09', 'Tidak mengikuti KBM pada jam-jam tertentu/ tanpa ijin', 10, '', 1, 'disiplin'),
(38, 'B08', 'Surat ijin palsu(tanda tangan sendiri/dibuatkan teman)', 10, '', 0, 'jujur'),
(39, 'A21', 'Siswa berkelahi dengan sesama teman, orang lain atau sekolah lain', 75, '', 0, 'memlihara hubungan baik dengan teman, guru, dan orang tua'),
(40, 'B11', 'Terlambat saat pergantian pelajaran', 2, '', 1, 'disiplin'),
(41, 'B10', 'Tidak mengikuti shalat berjamaah yang diselenggarakan madrasah', 5, '', 0, 'taat menjalankan ibadah sesuai agama yang dianut'),
(42, 'C11', 'Berkaos olah raga diluar jam olah raga', 5, '', 1, 'disiplin'),
(43, 'C12', 'Tidak mematikan mesin motor setelah bel berbunyi ', 5, '', 1, 'toleransi'),
(44, 'A22', 'Tidak puasa d bulan ramadhan', 75, '', 0, 'taat menjalankan ibadah sesuai agama yang dianut'),
(45, 'B07', 'Terlambat masuk setelah istirahat', 2, '', 1, 'disiplin');

INSERT INTO `tblberitautama` (`id_berita`) VALUES ('');

/*!40101 SET CHARACTER_SET_CLIENT=@OLD_CHARACTER_SET_CLIENT */;
/*!40101 SET CHARACTER_SET_RESULTS=@OLD_CHARACTER_SET_RESULTS */;
/*!40101 SET COLLATION_CONNECTION=@OLD_COLLATION_CONNECTION */;
